{"_step":9999,"loss":0.0003227897977922112,"_wandb":{"runtime":5856},"lr":5e-05,"_timestamp":1.7452781408436356e+09,"_runtime":5855.6794094}